{"lr-AdamW": 9.64485331345033e-07, "trainer/global_step": 829, "_runtime": 13611, "_timestamp": 1643269452, "_step": 689, "valid_loss/fold1": 0.6093925833702087, "valid_acc/fold1": 0.6050218939781189, "epoch": 4, "train_loss/fold1": 0.06778296828269958, "valid_loss/fold2": 0.783196747303009, "valid_acc/fold2": 0.5791152119636536, "train_loss/fold2": 0.07522368431091309, "valid_loss/fold3": 0.6600018739700317, "valid_acc/fold3": 0.598113477230072, "train_loss/fold3": 0.07351431995630264, "valid_loss/fold4": 0.6324915289878845, "valid_acc/fold4": 0.5866879224777222, "train_loss/fold4": 0.07426047325134277, "valid_loss/fold5": 0.6826184988021851, "valid_acc/fold5": 0.5966852903366089, "train_loss/fold5": 0.07387987524271011}