{"lr-AdamW": 9.621169971189467e-07, "trainer/global_step": 2809, "_runtime": 30157, "_timestamp": 1643130187, "_step": 2289, "valid_loss/fold1": 3.646350145339966, "valid_acc/fold1": 0.6957287192344666, "epoch": 4, "train_loss/fold1": 0.015305920504033566, "valid_loss/fold2": 3.5977604389190674, "valid_acc/fold2": 0.6965590715408325, "train_loss/fold2": 0.01569782942533493, "valid_loss/fold3": 3.6476829051971436, "valid_acc/fold3": 0.6936362385749817, "train_loss/fold3": 0.015745490789413452, "valid_loss/fold4": 3.4566025733947754, "valid_acc/fold4": 0.6976218819618225, "train_loss/fold4": 0.015583699569106102, "valid_loss/fold5": 3.552945137023926, "valid_acc/fold5": 0.6960276365280151, "train_loss/fold5": 0.015164160169661045}