{"lr-AdamW": 9.97289963519509e-07, "trainer/global_step": 499, "_runtime": 1192, "_timestamp": 1643956742, "_step": 81, "valid_loss/fold1": 0.6931471824645996, "valid_acc/fold1": 0.0, "epoch": 0, "train_loss/fold1": 0.07421745359897614}