{"lr-AdamW": 9.99921552157421e-07, "trainer/global_step": 49, "_runtime": 6211, "_timestamp": 1643004011, "_step": 447, "valid_loss/fold1": 0.692115843296051, "valid_acc/fold1": 0.681347131729126, "epoch": 1, "train_loss/fold1": 0.03743922337889671, "valid_loss/fold2": 0.6877211928367615, "valid_acc/fold2": 0.6800518035888672, "train_loss/fold2": 0.03750457987189293, "valid_loss/fold3": 0.6894268989562988, "valid_acc/fold3": 0.6734755039215088, "train_loss/fold3": 0.03970189392566681}