{"lr-AdamW": 9.62571709007743e-07, "trainer/global_step": 2119, "_runtime": 72858, "_timestamp": 1643923354, "_step": 3459, "valid_loss/fold1": 0.4994145631790161, "valid_acc/fold1": 0.6768515706062317, "epoch": 4, "train_loss/fold1": 0.047582972794771194, "valid_loss/fold2": 0.48285382986068726, "valid_acc/fold2": 0.7054134607315063, "train_loss/fold2": 0.0481417253613472, "valid_loss/fold3": 0.5177045464515686, "valid_acc/fold3": 0.6675522923469543, "train_loss/fold3": 0.052879754453897476, "valid_loss/fold4": 0.498866468667984, "valid_acc/fold4": 0.6815011501312256, "train_loss/fold4": 0.04833348095417023, "valid_loss/fold5": 0.5349992513656616, "valid_acc/fold5": 0.6379940509796143, "train_loss/fold5": 0.050822913646698, "valid_loss/fold6": 0.49345701932907104, "valid_acc/fold6": 0.6854865550994873, "train_loss/fold6": 0.04700487107038498, "valid_loss/fold7": 0.5194144248962402, "valid_acc/fold7": 0.6698771119117737, "train_loss/fold7": 0.05321319028735161, "valid_loss/fold8": 0.5069008469581604, "valid_acc/fold8": 0.6828296184539795, "train_loss/fold8": 0.050937287509441376, "valid_loss/fold9": 0.5073933601379395, "valid_acc/fold9": 0.6750830411911011, "train_loss/fold9": 0.04679166153073311, "valid_loss/fold10": 0.49801644682884216, "valid_acc/fold10": 0.6744186282157898, "train_loss/fold10": 0.046294499188661575}