{"lr-AdamW": 9.632173985214436e-07, "trainer/global_step": 1884, "_runtime": 22192, "_timestamp": 1644016598, "_step": 1529, "valid_loss/fold1": 0.484607458114624, "valid_acc/fold1": 0.6937894225120544, "epoch": 4, "train_loss/fold1": 0.04205996170639992, "valid_loss/fold2": 0.4889427125453949, "valid_acc/fold2": 0.6868150234222412, "train_loss/fold2": 0.04155588895082474, "valid_loss/fold3": 0.485853374004364, "valid_acc/fold3": 0.6919627785682678, "train_loss/fold3": 0.0420997254550457, "valid_loss/fold4": 0.48525184392929077, "valid_acc/fold4": 0.6944029331207275, "train_loss/fold4": 0.04209001362323761, "valid_loss/fold5": 0.474159300327301, "valid_acc/fold5": 0.701046347618103, "train_loss/fold5": 0.04210025444626808}