{"lr-AdamW": 9.632173985214436e-07, "trainer/global_step": 1884, "_runtime": 34827, "_timestamp": 1644119386, "_step": 1529, "valid_loss/fold1": 0.50645512342453, "valid_acc/fold1": 0.6406509280204773, "epoch": 4, "train_loss/fold1": 0.05276329442858696, "valid_loss/fold2": 0.5053391456604004, "valid_acc/fold2": 0.662570595741272, "train_loss/fold2": 0.05397593230009079, "valid_loss/fold3": 0.5202065706253052, "valid_acc/fold3": 0.6620724201202393, "train_loss/fold3": 0.05524175986647606, "valid_loss/fold4": 0.5162385106086731, "valid_acc/fold4": 0.6593589186668396, "train_loss/fold4": 0.05375516787171364, "valid_loss/fold5": 0.4954991042613983, "valid_acc/fold5": 0.6734761595726013, "train_loss/fold5": 0.05258001759648323}