{"lr-AdamW": 9.935671752273025e-07, "trainer/global_step": 149, "_runtime": 729, "_timestamp": 1643139252, "_step": 21, "valid_loss/fold1": 0.5314468741416931, "valid_acc/fold1": 0.5089012980461121, "epoch": 1, "train_loss/fold1": 0.08971167355775833}