{"lr-AdamW": 9.644745160237728e-07, "trainer/global_step": 1089, "_runtime": 12896, "_timestamp": 1643017097, "_step": 889, "valid_loss/fold1": 0.6878142952919006, "valid_acc/fold1": 0.6825096607208252, "epoch": 4, "train_loss/fold1": 0.03757059574127197, "valid_loss/fold2": 0.6957828402519226, "valid_acc/fold2": 0.6812807321548462, "train_loss/fold2": 0.037749212235212326, "valid_loss/fold3": 0.6972314119338989, "valid_acc/fold3": 0.6799854040145874, "train_loss/fold3": 0.03784061595797539, "valid_loss/fold4": 0.6946616768836975, "valid_acc/fold4": 0.6797528862953186, "train_loss/fold4": 0.037573110312223434, "valid_loss/fold5": 0.6843345761299133, "valid_acc/fold5": 0.6824432015419006, "train_loss/fold5": 0.03720686584711075}