{"lr-AdamW": 9.627483848123043e-07, "trainer/global_step": 2179, "_runtime": 51071, "_timestamp": 1643073025, "_step": 1819, "valid_loss/fold1": 0.6879215240478516, "valid_acc/fold1": 0.6865285038948059, "epoch": 9, "train_loss/fold1": 0.036413345485925674, "valid_loss/fold2": 0.6804702877998352, "valid_acc/fold2": 0.6848013997077942, "train_loss/fold2": 0.036223605275154114, "valid_loss/fold3": 0.6815194487571716, "valid_acc/fold3": 0.6869934797286987, "train_loss/fold3": 0.03629546985030174, "valid_loss/fold4": 0.6852421760559082, "valid_acc/fold4": 0.6872923970222473, "train_loss/fold4": 0.03635379672050476, "valid_loss/fold5": 0.6803801655769348, "valid_acc/fold5": 0.6868606209754944, "train_loss/fold5": 0.036022331565618515}