{"lr-AdamW": 9.632173985214436e-07, "trainer/global_step": 1884, "_runtime": 21566, "_timestamp": 1643798444, "_step": 1529, "valid_loss/fold1": 0.5147210955619812, "valid_acc/fold1": 0.6829956769943237, "epoch": 4, "train_loss/fold1": 0.05095928534865379, "valid_loss/fold2": 0.5029655694961548, "valid_acc/fold2": 0.6829956769943237, "train_loss/fold2": 0.04923691228032112, "valid_loss/fold3": 0.487962931394577, "valid_acc/fold3": 0.6884756088256836, "train_loss/fold3": 0.043160803616046906, "valid_loss/fold4": 0.49169135093688965, "valid_acc/fold4": 0.688922107219696, "train_loss/fold4": 0.043641261756420135, "valid_loss/fold5": 0.4893442392349243, "valid_acc/fold5": 0.7053645849227905, "train_loss/fold5": 0.051465608179569244}