{"lr-AdamW": 9.619798923560537e-07, "trainer/global_step": 48674, "_runtime": 49034, "_timestamp": 1643188799, "_step": 7793, "valid_loss/fold1": 1.8226227760314941, "valid_acc/fold1": 0.6971237063407898, "epoch": 4, "train_loss/fold1": 0.029123937711119652}