{"lr-AdamW": 9.620047502308668e-07, "trainer/global_step": 35829, "_runtime": 194174, "_timestamp": 1643544697, "_step": 28689, "valid_loss/fold1": 0.8140389919281006, "valid_acc/fold1": 0.6868274211883545, "epoch": 4, "train_loss/fold1": 0.013097865507006645, "valid_loss/fold2": 0.7522547841072083, "valid_acc/fold2": 0.685266375541687, "train_loss/fold2": 0.013607265427708626, "valid_loss/fold3": 0.8022624850273132, "valid_acc/fold3": 0.6862959861755371, "train_loss/fold3": 0.013566275127232075, "valid_loss/fold4": 0.8248452544212341, "valid_acc/fold4": 0.687558114528656, "train_loss/fold4": 0.012414003722369671, "valid_loss/fold5": 0.7834005355834961, "valid_acc/fold5": 0.6866945624351501, "train_loss/fold5": 0.01240214891731739}