{"lr-AdamW": 9.632173985214436e-07, "trainer/global_step": 1884, "_runtime": 47906, "_timestamp": 1643921556, "_step": 1529, "valid_loss/fold1": 0.4567248225212097, "valid_acc/fold1": 0.6776818037033081, "epoch": 4, "train_loss/fold1": 0.01643919013440609, "valid_loss/fold2": 0.4895213544368744, "valid_acc/fold2": 0.6529392004013062, "train_loss/fold2": 0.024940606206655502, "valid_loss/fold3": 0.46143823862075806, "valid_acc/fold3": 0.6708734631538391, "train_loss/fold3": 0.01854214444756508, "valid_loss/fold4": 0.4693368077278137, "valid_acc/fold4": 0.6525493860244751, "train_loss/fold4": 0.018109967932105064, "valid_loss/fold5": 0.5118070840835571, "valid_acc/fold5": 0.6264740228652954, "train_loss/fold5": 0.02768389880657196}