{"valid_loss/fold1": 0.4845733046531677, "epoch": 0, "trainer/global_step": 4, "_runtime": 32375, "_timestamp": 1642555892, "_step": 43, "train_loss/fold1": 0.009118804708123207, "valid_loss/fold2": 0.4946720004081726, "train_loss/fold2": 0.009883541613817215, "valid_loss/fold3": 0.4972905218601227, "train_loss/fold3": 0.009802271611988544, "valid_loss/fold4": 0.49182969331741333, "train_loss/fold4": 0.009283646009862423, "valid_loss/fold5": 0.4971044063568115, "train_loss/fold5": 0.009231888689100742}