{"lr-AdamW": 9.637061437230901e-07, "trainer/global_step": 359, "_runtime": 9582, "_timestamp": 1643223636, "_step": 329, "valid_loss/fold1": 0.6777768731117249, "valid_acc/fold1": 0.5951906442642212, "epoch": 4, "train_loss/fold1": 0.05321785435080528, "valid_loss/fold2": 0.6510992646217346, "valid_acc/fold2": 0.5722067356109619, "train_loss/fold2": 0.050895895808935165, "valid_loss/fold3": 0.46404287219047546, "valid_acc/fold3": 0.6658031344413757, "train_loss/fold3": 0.04989052563905716, "valid_loss/fold4": 0.506347119808197, "valid_acc/fold4": 0.6525508165359497, "train_loss/fold4": 0.05029180273413658, "valid_loss/fold5": 0.6459131836891174, "valid_acc/fold5": 0.581108033657074, "train_loss/fold5": 0.05120796710252762}