{"valid_loss/fold1": 0.5514456629753113, "epoch": 1, "trainer/global_step": 9, "_runtime": 302, "_timestamp": 1642559418, "_step": 2, "train_loss/fold1": 0.010162146762013435}