{"lr-AdamW": 9.632173985214436e-07, "trainer/global_step": 1884, "_runtime": 21516, "_timestamp": 1644082619, "_step": 1529, "valid_loss/fold1": 0.5143077373504639, "valid_acc/fold1": 0.6841580867767334, "epoch": 4, "train_loss/fold1": 0.050169121474027634, "valid_loss/fold2": 0.4884507656097412, "valid_acc/fold2": 0.7095649242401123, "train_loss/fold2": 0.050126802176237106, "valid_loss/fold3": 0.48154932260513306, "valid_acc/fold3": 0.7009299397468567, "train_loss/fold3": 0.04433843493461609, "valid_loss/fold4": 0.49475276470184326, "valid_acc/fold4": 0.6907490491867065, "train_loss/fold4": 0.045310720801353455, "valid_loss/fold5": 0.4961739480495453, "valid_acc/fold5": 0.6970602869987488, "train_loss/fold5": 0.0508301667869091}