{"lr-AdamW": 9.95176112599526e-07, "trainer/global_step": 1249, "_runtime": 4555, "_timestamp": 1644033435, "_step": 201, "valid_loss/fold1": 0.6931471824645996, "valid_acc/fold1": 0.0, "epoch": 0, "train_loss/fold1": 0.021961254999041557}