{"lr-AdamW": 9.968765007814485e-07, "trainer/global_step": 799, "_runtime": 14604, "_timestamp": 1643097406, "_step": 1045, "valid_loss/fold1": 3.646350145339966, "valid_acc/fold1": 0.6957287192344666, "epoch": 0, "train_loss/fold1": 0.015305920504033566, "valid_loss/fold2": 3.5977604389190674, "valid_acc/fold2": 0.6965590715408325, "train_loss/fold2": 0.01569782942533493, "valid_loss/fold3": 2.7505102157592773, "valid_acc/fold3": 0.6727448105812073, "train_loss/fold3": 0.0396304689347744}