{"lr-AdamW": 9.62571709007743e-07, "trainer/global_step": 2119, "_runtime": 42452, "_timestamp": 1643847060, "_step": 3113, "valid_loss/fold1": 0.5079401731491089, "valid_acc/fold1": 0.6682165265083313, "epoch": 4, "train_loss/fold1": 0.047124385833740234, "valid_loss/fold2": 0.48867008090019226, "valid_acc/fold2": 0.6987711787223816, "train_loss/fold2": 0.04807184636592865, "valid_loss/fold3": 0.5223124027252197, "valid_acc/fold3": 0.6599136590957642, "train_loss/fold3": 0.05254468694329262, "valid_loss/fold4": 0.506405234336853, "valid_acc/fold4": 0.6758552193641663, "train_loss/fold4": 0.04837392643094063, "valid_loss/fold5": 0.5267432928085327, "valid_acc/fold5": 0.6449684500694275, "train_loss/fold5": 0.050781816244125366, "valid_loss/fold6": 0.4949498176574707, "valid_acc/fold6": 0.6864829063415527, "train_loss/fold6": 0.04727255180478096, "valid_loss/fold7": 0.5171563625335693, "valid_acc/fold7": 0.6692128777503967, "train_loss/fold7": 0.051769908517599106, "valid_loss/fold8": 0.5079900622367859, "valid_acc/fold8": 0.6818332672119141, "train_loss/fold8": 0.05059593915939331, "valid_loss/fold9": 0.4975659251213074, "valid_acc/fold9": 0.6820598244667053, "train_loss/fold9": 0.04705115035176277}