{"lr-AdamW": 9.632173985214436e-07, "trainer/global_step": 1884, "_runtime": 22161, "_timestamp": 1643984274, "_step": 1529, "valid_loss/fold1": 0.4954070746898651, "valid_acc/fold1": 0.6849883794784546, "epoch": 4, "train_loss/fold1": 0.042328689247369766, "valid_loss/fold2": 0.4849167764186859, "valid_acc/fold2": 0.7000996470451355, "train_loss/fold2": 0.04289601743221283, "valid_loss/fold3": 0.4849171042442322, "valid_acc/fold3": 0.6889737844467163, "train_loss/fold3": 0.04269828274846077, "valid_loss/fold4": 0.5000721216201782, "valid_acc/fold4": 0.6741405129432678, "train_loss/fold4": 0.042543455958366394, "valid_loss/fold5": 0.49188217520713806, "valid_acc/fold5": 0.6794552206993103, "train_loss/fold5": 0.042590945959091187}