{"lr-AdamW": 9.807822518753146e-07, "trainer/global_step": 2499, "_runtime": 23535, "_timestamp": 1644059892, "_step": 975, "valid_loss/fold1": 0.506152868270874, "valid_acc/fold1": 0.6698551774024963, "epoch": 2, "train_loss/fold1": 0.04135924577713013, "valid_loss/fold2": 0.5031395554542542, "valid_acc/fold2": 0.6759665012359619, "train_loss/fold2": 0.04514624550938606}