{"lr-AdamW": 9.632173985214436e-07, "trainer/global_step": 1884, "_runtime": 21324, "_timestamp": 1643711230, "_step": 1529, "valid_loss/fold1": 0.4980127811431885, "valid_acc/fold1": 0.696280300617218, "epoch": 4, "train_loss/fold1": 0.05119364336133003, "valid_loss/fold2": 0.49659496545791626, "valid_acc/fold2": 0.6949518322944641, "train_loss/fold2": 0.04934016242623329, "valid_loss/fold3": 0.48825544118881226, "valid_acc/fold3": 0.6957821249961853, "train_loss/fold3": 0.04331915080547333, "valid_loss/fold4": 0.48432379961013794, "valid_acc/fold4": 0.7042019367218018, "train_loss/fold4": 0.044038064777851105, "valid_loss/fold5": 0.5077790021896362, "valid_acc/fold5": 0.6882577538490295, "train_loss/fold5": 0.05060027539730072}