{"lr-AdamW": 9.621213208581781e-07, "trainer/global_step": 9974, "_runtime": 60796, "_timestamp": 1643335530, "_step": 8009, "valid_loss/fold1": 1.2760412693023682, "valid_acc/fold1": 0.6882224082946777, "epoch": 4, "train_loss/fold1": 0.019197462126612663, "valid_loss/fold2": 1.3360984325408936, "valid_acc/fold2": 0.6859306693077087, "train_loss/fold2": 0.026998786255717278, "valid_loss/fold3": 1.2895393371582031, "valid_acc/fold3": 0.6858310103416443, "train_loss/fold3": 0.023440321907401085, "valid_loss/fold4": 1.2030731439590454, "valid_acc/fold4": 0.6858310103416443, "train_loss/fold4": 0.02497653290629387, "valid_loss/fold5": 1.2648882865905762, "valid_acc/fold5": 0.684867799282074, "train_loss/fold5": 0.025407666340470314}