{"lr-AdamW": 9.758887450569183e-07, "trainer/global_step": 799, "_runtime": 9098, "_timestamp": 1643202269, "_step": 643, "valid_loss/fold1": 0.6865664720535278, "valid_acc/fold1": 0.36840707063674927, "epoch": 2, "train_loss/fold1": 0.07903317362070084, "valid_loss/fold2": 0.7169026136398315, "valid_acc/fold2": 0.3663145899772644, "train_loss/fold2": 0.08079753816127777, "valid_loss/fold3": 0.6784834861755371, "valid_acc/fold3": 0.3789026141166687, "train_loss/fold3": 0.08062025904655457, "valid_loss/fold4": 0.6109628081321716, "valid_acc/fold4": 0.4179952144622803, "train_loss/fold4": 0.08467573672533035}