{"lr-AdamW": 9.644745160237728e-07, "trainer/global_step": 1089, "_runtime": 12225, "_timestamp": 1642974950, "_step": 889, "valid_loss/fold1": 0.6861735582351685, "valid_acc/fold1": 0.6799189448356628, "epoch": 4, "train_loss/fold1": 0.03734588250517845, "valid_loss/fold2": 0.694753110408783, "valid_acc/fold2": 0.6780921816825867, "train_loss/fold2": 0.037538912147283554, "valid_loss/fold3": 0.6813378930091858, "valid_acc/fold3": 0.6811810731887817, "train_loss/fold3": 0.03750413656234741, "valid_loss/fold4": 0.7032347917556763, "valid_acc/fold4": 0.6784243583679199, "train_loss/fold4": 0.03804292529821396, "valid_loss/fold5": 0.6937888264656067, "valid_acc/fold5": 0.6792214512825012, "train_loss/fold5": 0.03755141422152519}